record_id,jurisprudence_type
1,Rights Of Nature
1,Personhood
2,Rights Of Nature
2,Personhood
3,Rights Of Nature
3,Indigenous Model
4,Eco-Governance System
5,Eco-Governance System
6,Rights Of Nature
6,Personhood
6,Animal Rights
7,Rights Of Nature
8,Rights Of Nature
9,Rights Of Nature
10,Rights Of Nature
10,Personhood
11,Rights Of Nature
11,Personhood
12,Rights Of Nature
12,Personhood
13,Rights Of Nature
13,Personhood
14,Rights Of Nature
14,Personhood
15,Rights Of Nature
15,Personhood
16,Rights Of Nature
16,Personhood
17,Rights Of Nature
17,Personhood
18,Rights Of Nature
19,Rights Of Nature
19,Personhood
20,Rights Of Nature
20,Personhood
21,Rights Of Nature
22,Rights Of Nature
23,Rights Of Nature
23,Personhood
24,Rights Of Nature
24,Indigenous Model
25,Rights Of Nature
25,Personhood
27,Rights Of Nature
28,Rights Of Nature
28,Personhood
29,Rights Of Nature
29,Personhood
30,Rights Of Nature
32,Rights Of Nature
32,Personhood
33,Rights Of Nature
33,Animal Rights
35,Rights Of Nature
36,Indigenous Model
37,Eco-Governance System
38,Rights Of Nature
39,Rights Of Nature
40,Rights Of Nature
40,Personhood
41,Rights Of Nature
42,Rights Of Nature
43,Rights Of Nature
43,Indigenous Model
44,Rights Of Nature
45,Rights Of Nature
46,Rights Of Nature
47,Rights Of Nature
49,Rights Of Nature
50,Rights Of Nature
52,Rights Of Nature
53,Rights Of Nature
54,Rights Of Nature
55,Rights Of Nature
55,Animal Rights
56,Rights Of Nature
56,Animal Rights
57,Eco-Governance System
58,Rights Of Nature
59,Rights Of Nature
60,Rights Of Nature
61,Rights Of Nature
61,Animal Rights
62,Rights Of Nature
63,Rights Of Nature
64,Rights Of Nature
65,Rights Of Nature
66,Rights Of Nature
66,Animal Rights
67,Rights Of Nature
68,Rights Of Nature
69,Rights Of Nature
70,Rights Of Nature
70,Indigenous Model
71,Rights Of Nature
72,Rights Of Nature
74,Rights Of Nature
75,Rights Of Nature
76,Rights Of Nature
77,Rights Of Nature
78,Rights Of Nature
78,Personhood
78,Animal Rights
79,Rights Of Nature
80,Rights Of Nature
81,Eco-Governance System
82,Rights Of Nature
82,Indigenous Model
83,Rights Of Nature
84,Rights Of Nature
85,Rights Of Nature
85,Personhood
85,Animal Rights
86,Rights Of Nature
87,Rights Of Nature
88,Rights Of Nature
89,Rights Of Nature
90,Rights Of Nature
91,Eco-Governance System
92,Rights Of Nature
93,Eco-Governance System
94,Rights Of Nature
94,Animal Rights
95,Rights Of Nature
97,Rights Of Nature
98,Rights Of Nature
99,Rights Of Nature
99,Animal Rights
100,Eco-Governance System
101,Indigenous Model
101,Rights Of Nature
102,Rights Of Nature
103,Rights Of Nature
104,Rights Of Nature
105,Eco-Governance System
106,Rights Of Nature
106,Animal Rights
107,Rights Of Nature
108,Rights Of Nature
108,Animal Rights
109,Rights Of Nature
110,Eco-Governance System
111,Rights Of Nature
111,Personhood
111,Indigenous Model
113,Rights Of Nature
113,Animal Rights
114,Rights Of Nature
115,Rights Of Nature
116,Rights Of Nature
117,Rights Of Nature
118,Rights Of Nature
119,Eco-Governance System
120,Rights Of Nature
120,Indigenous Model
121,Rights Of Nature
121,Indigenous Model
122,Rights Of Nature
122,Animal Rights
123,Rights Of Nature
123,Personhood
123,Indigenous Model
123,Local Eco Knowledge
124,Indigenous Model
125,Rights Of Nature
126,Rights Of Nature
126,Personhood
127,Rights Of Nature
127,Personhood
127,Indigenous Model
128,Rights Of Nature
128,Personhood
129,Eco-Governance System
130,Rights Of Nature
131,Rights Of Nature
131,Personhood
132,Rights Of Nature
132,Animal Rights
133,Rights Of Nature
134,Rights Of Nature
134,Personhood
134,Animal Rights
135,Rights Of Nature
135,Animal Rights
137,Eco-Governance System
138,Rights Of Nature
138,Personhood
139,Rights Of Nature
139,Personhood
139,Indigenous Model
140,Rights Of Nature
141,Rights Of Nature
141,Personhood
141,Indigenous Model
143,Rights Of Nature
145,Rights Of Nature
147,Rights Of Nature
147,Animal Rights
148,Rights Of Nature
149,Rights Of Nature
149,Personhood
149,Animal Rights
150,Rights Of Nature
151,Rights Of Nature
151,Indigenous Model
152,Rights Of Nature
152,Personhood
153,Rights Of Nature
153,Indigenous Model
154,Rights Of Nature
155,Rights Of Nature
156,Rights Of Nature
156,Indigenous Model
157,Rights Of Nature
157,Indigenous Model
158,Rights Of Nature
159,Rights Of Nature
159,Personhood
160,Rights Of Nature
160,Indigenous Model
160,Local Eco Knowledge
161,Rights Of Nature
162,Rights Of Nature
163,Rights Of Nature
164,Rights Of Nature
164,Animal Rights
165,Rights Of Nature
166,Eco-Governance System
168,Rights Of Nature
168,Personhood
168,Indigenous Model
169,Rights Of Nature
170,Rights Of Nature
171,Rights Of Nature
171,Personhood
171,Animal Rights
172,Eco-Governance System
173,Rights Of Nature
174,Rights Of Nature
175,Rights Of Nature
176,Rights Of Nature
177,Rights Of Nature
178,Rights Of Nature
178,Personhood
179,Rights Of Nature
180,Rights Of Nature
180,Local Eco Knowledge
181,Rights Of Nature
182,Rights Of Nature
184,Rights Of Nature
185,Indigenous Model
186,Rights Of Nature
186,Personhood
186,Indigenous Model
188,Indigenous Model
189,Rights Of Nature
189,Personhood
190,Rights Of Nature
191,Rights Of Nature
192,Rights Of Nature
193,Rights Of Nature
193,Indigenous Model
194,Rights Of Nature
196,Rights Of Nature
196,Animal Rights
196,Personhood
197,Rights Of Nature
197,Personhood
197,Animal Rights
198,Indigenous Model
200,Rights Of Nature
201,Rights Of Nature
201,Personhood
201,Animal Rights
202,Rights Of Nature
203,Rights Of Nature
203,Indigenous Model
204,Rights Of Nature
205,Rights Of Nature
207,Rights Of Nature
208,Rights Of Nature
211,Rights Of Nature
212,Eco-Governance System
213,Rights Of Nature
214,Rights Of Nature
215,Rights Of Nature
216,Rights Of Nature
217,Rights Of Nature
218,Rights Of Nature
219,Rights Of Nature
220,Rights Of Nature
221,Rights Of Nature
222,Rights Of Nature
223,Eco-Governance System
224,Rights Of Nature
225,Eco-Governance System
228,Rights Of Nature
229,Rights Of Nature
231,Rights Of Nature
231,Personhood
232,Eco-Governance System
233,Eco-Governance System
234,Eco-Governance System
235,Eco-Governance System
236,Eco-Governance System
237,Eco-Governance System
238,Eco-Governance System
239,Eco-Governance System
240,Eco-Governance System
241,Rights Of Nature
242,Rights Of Nature
243,Rights Of Nature
243,Animal Rights
245,Rights Of Nature
245,Personhood
247,Rights Of Nature
248,Rights Of Nature
249,Rights Of Nature
250,Rights Of Nature
250,Animal Rights
251,Rights Of Nature
252,Rights Of Nature
252,Personhood
253,Eco-Governance System
254,Rights Of Nature
255,Eco-Governance System
256,Rights Of Nature
257,Rights Of Nature
258,Rights Of Nature
259,Rights Of Nature
259,Indigenous Model
259,Eco-Governance System
260,Rights Of Nature
261,Rights Of Nature
262,Rights Of Nature
263,Rights Of Nature
263,Personhood
265,Eco-Governance System
266,Rights Of Nature
266,Personhood
267,Rights Of Nature
268,Rights Of Nature
268,Personhood
269,Rights Of Nature
270,Rights Of Nature
270,Personhood
271,Rights Of Nature
272,Rights Of Nature
273,Rights Of Nature
274,Eco-Governance System
275,Rights Of Nature
276,Rights Of Nature
277,Rights Of Nature
278,Rights Of Nature
278,Indigenous Model
279,Rights Of Nature
279,Personhood
280,Rights Of Nature
283,Rights Of Nature
284,Rights Of Nature
286,Rights Of Nature
287,Rights Of Nature
288,Rights Of Nature
289,Rights Of Nature
290,Eco-Governance System
291,Rights Of Nature
292,Rights Of Nature
293,Rights Of Nature
294,Rights Of Nature
295,Rights Of Nature
296,Rights Of Nature
297,Rights Of Nature
298,Rights Of Nature
299,Rights Of Nature
301,Rights Of Nature
302,Rights Of Nature
302,Indigenous Model
303,Rights Of Nature
304,Rights Of Nature
305,Rights Of Nature
306,Rights Of Nature
308,Rights Of Nature
309,Eco-Governance System
310,Rights Of Nature
311,Eco-Governance System
312,Eco-Governance System
313,Rights Of Nature
313,Animal Rights
314,Eco-Governance System
315,Eco-Governance System
316,Eco-Governance System
317,Eco-Governance System
318,Eco-Governance System
319,Eco-Governance System
320,Eco-Governance System
321,Eco-Governance System
322,Eco-Governance System
323,Eco-Governance System
324,Eco-Governance System
325,Eco-Governance System
326,Eco-Governance System
327,Eco-Governance System
328,Eco-Governance System
329,Eco-Governance System
330,Eco-Governance System
331,Eco-Governance System
332,Eco-Governance System
333,Eco-Governance System
334,Eco-Governance System
335,Eco-Governance System
336,Eco-Governance System
337,Eco-Governance System
338,Eco-Governance System
339,Rights Of Nature
340,Rights Of Nature
342,Indigenous Model
344,Indigenous Model
345,Rights Of Nature
346,Eco-Governance System
347,Rights Of Nature
347,Personhood
347,Animal Rights
348,Rights Of Nature
349,Rights Of Nature
350,Rights Of Nature
351,Rights Of Nature
351,Personhood
353,Rights Of Nature
354,Indigenous Model
355,Eco-Governance System
356,Eco-Governance System
357,Eco-Governance System
362,Rights Of Nature
364,Indigenous Model
365,Eco-Governance System
366,Rights Of Nature
366,Indigenous Model
367,Rights Of Nature
367,Indigenous Model
370,Eco-Governance System
375,Rights Of Nature
375,Animal Rights
376,Eco-Governance System
377,Eco-Governance System
378,Rights Of Nature
379,Rights Of Nature
379,Indigenous Model
380,Rights Of Nature
380,Personhood
380,Indigenous Model
381,Rights Of Nature
381,Personhood
382,Rights Of Nature
383,Rights Of Nature
383,Personhood
383,Animal Rights
386,Indigenous Model
387,Rights Of Nature
389,Rights Of Nature
390,Rights Of Nature
391,Rights Of Nature
392,Rights Of Nature
393,Rights Of Nature
394,Rights Of Nature
396,Rights Of Nature
398,Rights Of Nature
399,Indigenous Model
400,Rights Of Nature
401,Rights Of Nature
402,Rights Of Nature
403,Rights Of Nature
405,Rights Of Nature
406,Indigenous Model
407,Rights Of Nature
408,Rights Of Nature
409,Rights Of Nature
410,Rights Of Nature
411,Rights Of Nature
413,Rights Of Nature
414,Eco-Governance System
415,Eco-Governance System
417,Indigenous Model
419,Indigenous Model
420,Indigenous Model
421,Rights Of Nature
423,Local Eco Knowledge
424,Rights Of Nature
425,Rights Of Nature
426,Rights Of Nature
427,Rights Of Nature
428,Rights Of Nature
429,Rights Of Nature
429,Personhood
429,Indigenous Model
430,Eco-Governance System
431,Rights Of Nature
431,Personhood
432,Rights Of Nature
433,Rights Of Nature
434,Rights Of Nature
434,Animal Rights
434,Indigenous Model
435,Rights Of Nature
436,Rights Of Nature
437,Indigenous Model
438,Indigenous Model
439,Indigenous Model
440,Indigenous Model
441,Indigenous Model
442,Indigenous Model
443,Indigenous Model
444,Indigenous Model
445,Indigenous Model
446,Indigenous Model
447,Indigenous Model
448,Indigenous Model
449,Indigenous Model
450,Indigenous Model
451,Indigenous Model
452,Indigenous Model
453,Indigenous Model
454,Indigenous Model
455,Indigenous Model
458,Rights Of Nature
458,Personhood
459,Rights Of Nature
460,Rights Of Nature
461,Rights Of Nature
461,Personhood
462,Rights Of Nature
462,Personhood
463,Rights Of Nature
463,Indigenous Model
463,Personhood
464,Rights Of Nature
464,Indigenous Model
465,Rights Of Nature
465,Indigenous Model
466,Indigenous Model
466,Rights Of Nature
468,Indigenous Model
468,Personhood
468,Rights Of Nature
469,Rights Of Nature
470,Indigenous Model
471,Eco-Governance System
472,Rights Of Nature
472,Personhood
472,Animal Rights
474,Indigenous Model
474,Rights Of Nature
476,Indigenous Model
476,Rights Of Nature
477,Indigenous Model
477,Rights Of Nature
478,Indigenous Model
478,Rights Of Nature
479,Indigenous Model
480,Rights Of Nature
480,Indigenous Model
482,Indigenous Model
483,Indigenous Model
484,Indigenous Model
484,Local Eco Knowledge
485,Rights Of Nature
486,Rights Of Nature
487,Rights Of Nature
488,Local Eco Knowledge
489,Indigenous Model
489,Rights Of Nature
490,Rights Of Nature
491,Rights Of Nature
492,Rights Of Nature
493,Rights Of Nature
494,Rights Of Nature
496,Indigenous Model
497,Rights Of Nature
498,Rights Of Nature
499,Rights Of Nature
502,Rights Of Nature
502,Animal Rights
503,Eco-Governance System
504,Rights Of Nature
504,Animal Rights
505,Rights Of Nature
505,Animal Rights
506,Rights Of Nature
507,Rights Of Nature
508,Rights Of Nature
509,Rights Of Nature
509,Personhood
510,Eco-Governance System
511,Rights Of Nature
511,Animal Rights
512,Rights Of Nature
512,Animal Rights
513,Rights Of Nature
513,Animal Rights
514,Rights Of Nature
514,Animal Rights
515,Rights Of Nature
517,Rights Of Nature
518,Eco-Governance System
519,Rights Of Nature
520,Rights Of Nature
520,Indigenous Model
521,Rights Of Nature
522,Rights Of Nature
523,Indigenous Model
523,Rights Of Nature
523,Personhood
525,Rights Of Nature
525,Indigenous Model
524,Rights Of Nature
526,Eco-Governance System
527,Rights Of Nature
528,Rights Of Nature
528,Personhood
529,Rights Of Nature
529,Animal Rights
530,Eco-Governance System
531,Rights Of Nature
531,Animal Rights
532,Rights Of Nature
532,Animal Rights
532,Rights Of Nature
532,Animal Rights
533,Rights Of Nature
533,Animal Rights
534,Rights Of Nature
534,Personhood
535,Eco-Governance System
536,Eco-Governance System
537,Eco-Governance System
538,Eco-Governance System
539,Eco-Governance System
541,Rights Of Nature
542,Rights Of Nature
543,Rights Of Nature
543,Animal Rights
543,Indigenous Model
544,Rights Of Nature
545,Rights Of Nature
546,Eco-Governance System
547,Rights Of Nature
548,Rights Of Nature
549,Rights Of Nature
549,Indigenous Model
551,Rights Of Nature
551,Personhood
552,Rights Of Nature
552,Animal Rights
553,Rights Of Nature
554,Rights Of Nature
555,Eco-Governance System
556,Eco-Governance System
557,Eco-Governance System
558,Eco-Governance System
559,Unspecified
561,Rights Of Nature
561,Indigenous Model
562,Eco-Governance System
563,Rights Of Nature
564,Rights Of Nature
564,Personhood
565,Eco-Governance System
566,Eco-Governance System
567,Rights Of Nature
567,Indigenous Model
568,Rights Of Nature
569,Rights Of Nature
570,Rights Of Nature
571,Rights Of Nature
572,Rights Of Nature
573,Rights Of Nature
574,Rights Of Nature
575,Rights Of Nature
576,Rights Of Nature
577,Rights Of Nature
578,Rights Of Nature
579,Rights Of Nature
579,Indigenous Model
580,Rights Of Nature
580,Personhood
580,Indigenous Model
581,Indigenous Model
581,Rights Of Nature
581,Personhood
582,Rights Of Nature
582,Indigenous Model
583,Rights Of Nature
584,Rights Of Nature
585,Rights Of Nature
585,Animal Rights
587,Eco-Governance System
588,Rights Of Nature
588,Personhood
589,Rights Of Nature
590,Rights Of Nature
590,Personhood
590,Animal Rights
591,Rights Of Nature
592,Rights Of Nature
592,Personhood
593,Rights Of Nature
594,Rights Of Nature
594,Indigenous Model
595,Rights Of Nature
596,Rights Of Nature
597,Rights Of Nature
598,Rights Of Nature
598,Local Eco Knowledge
599,Rights Of Nature
599,Animal Rights
599,Indigenous Model
600,Indigenous Model
601,Indigenous Model
602,Rights Of Nature
602,Personhood
603,Rights Of Nature
604,Rights Of Nature
604,Animal Rights
605,Rights Of Nature
605,Animal Rights
606,Rights Of Nature
606,Personhood
607,Rights Of Nature
607,Animal Rights
608,Eco-Governance System
609,Eco-Governance System
610,Rights Of Nature
611,Rights Of Nature
612,Rights Of Nature
612,Animal Rights
613,Eco-Governance System
614,Rights Of Nature
614,Indigenous Model
615,Rights Of Nature
616,Rights Of Nature
617,Rights Of Nature
617,Personhood
618,Rights Of Nature
619,Rights Of Nature
620,Rights Of Nature
620,Personhood
621,Rights Of Nature
622,Rights Of Nature
623,Eco-Governance System
624,Rights Of Nature
625,Eco-Governance System
626,Rights Of Nature
627,Rights Of Nature
627,Personhood
628,Rights Of Nature
629,Rights Of Nature
630,Rights Of Nature
651,Rights Of Nature
651,Rights Of Nature
631,Rights Of Nature
631,Personhood
632,Rights Of Nature
633,Rights Of Nature
634,Rights Of Nature
634,Personhood
634,Indigenous Model
635,Eco-Governance System
636,Eco-Governance System
638,Rights Of Nature
639,Rights Of Nature
639,Personhood
640,Rights Of Nature
640,Personhood
642,Rights Of Nature
643,Rights Of Nature
644,Rights Of Nature
645,Eco-Governance System
647,Rights Of Nature
648,Rights Of Nature
649,Rights Of Nature
650,Rights Of Nature
652,Rights Of Nature
653,Rights Of Nature
654,Rights Of Nature
655,Rights Of Nature
656,Rights Of Nature
657,Eco-Governance System
658,Eco-Governance System
661,Indigenous Model
661,Rights Of Nature
662,Rights Of Nature
662,Indigenous Model
663,Rights Of Nature
663,Personhood
663,Animal Rights
664,Rights Of Nature
664,Personhood
665,Rights Of Nature
666,Rights Of Nature
667,Rights Of Nature
668,Eco-Governance System
669,Rights Of Nature
670,Rights Of Nature
671,Rights Of Nature
672,Rights Of Nature
673,Rights Of Nature
675,Rights Of Nature
675,Indigenous Model
676,Indigenous Model
676,Rights Of Nature
677,Rights Of Nature
678,Rights Of Nature
678,Indigenous Model
679,Indigenous Model
679,Rights Of Nature
679,Personhood
680,Rights Of Nature
681,Rights Of Nature
681,Personhood
682,Rights Of Nature
682,Animal Rights
686,Indigenous Model
687,Eco-Governance System
688,Rights Of Nature
688,Personhood
689,Rights Of Nature
689,Animal Rights
690,Rights Of Nature
690,Animal Rights
691,Rights Of Nature
692,Rights Of Nature
693,Indigenous Model
694,Rights Of Nature
694,Animal Rights
695,Rights Of Nature
695,Animal Rights
697,Indigenous Model
697,Rights Of Nature
697,Personhood
698,Rights Of Nature
699,Rights Of Nature
700,Rights Of Nature
701,Rights Of Nature
703,Eco-Governance System
704,Rights Of Nature
704,Animal Rights
705,Indigenous Model
705,Rights Of Nature
705,Personhood
706,Rights Of Nature
707,Rights Of Nature
707,Animal Rights
707,Personhood
707,Indigenous Model
708,Rights Of Nature
709,Eco-Governance System
710,Eco-Governance System
711,Rights Of Nature
712,Eco-Governance System
714,Rights Of Nature
714,Personhood
715,Eco-Governance System
716,Rights Of Nature
717,Eco-Governance System
717,Rights Of Nature
718,Eco-Governance System
718,Rights Of Nature
719,Rights Of Nature
720,Eco-Governance System
721,Rights Of Nature
722,Rights Of Nature
723,Eco-Governance System
724,Rights Of Nature
725,Rights Of Nature
727,Rights Of Nature
726,Rights Of Nature
726,Personhood
728,Rights Of Nature
729,Rights Of Nature
730,Rights Of Nature
731,Rights Of Nature
732,Rights Of Nature
732,Personhood
734,Rights Of Nature
735,Eco-Governance System
736,Rights Of Nature
736,Personhood
737,Rights Of Nature
738,Eco-Governance System
739,Rights Of Nature
740,Rights Of Nature
741,Eco-Governance System
742,Eco-Governance System
743,Rights Of Nature
743,Personhood
743,Animal Rights
743,Eco-Governance System
744,Eco-Governance System
747,Rights Of Nature
747,Personhood
749,Rights Of Nature
750,Eco-Governance System
751,Eco-Governance System
752,Rights Of Nature
752,Personhood
753,Rights Of Nature
753,Personhood
